pair,frame,mode,seam,p90,cracks,holes,gt_psnr,gt_ssim,seconds,hole_pct
6-7,f000,3,5.9989,17.0830,8413,62655,28.2518,0.850074,24.2,7.967
6-7,f000,auto5,7.3161,19.2653,9020,63178,27.9860,0.850811,25.6,8.033
6-7,f000,auto7,6.5271,18.6408,8921,63277,28.4370,0.854564,24.8,8.046
6-7,f000,3,5.9989,17.0830,8413,62655,28.2518,0.850074,24.8,7.967
6-7,f000,auto5,7.3161,19.2653,9020,63178,27.9860,0.850811,25.4,8.033
6-7,f000,auto7,6.5271,18.6408,8921,63277,28.4370,0.854564,24.8,8.046
6-7,f001,3,6.4886,17.3010,8229,62243,28.3530,0.855034,24.2,7.915
6-7,f001,auto5,8.1342,22.2222,8756,62691,27.8129,0.847537,29.2,7.972
6-7,f001,auto7,6.5859,17.9406,8731,62750,28.3094,0.854268,24.6,7.979
6-7,f002,3,6.7245,18.7957,7796,62579,27.9199,0.850944,26.5,7.957
6-7,f002,auto5,7.0260,18.3595,8286,63167,27.8606,0.851602,26.2,8.032
6-7,f002,auto7,7.3488,19.4437,8267,63139,27.8366,0.848747,26.2,8.029
6-7,f003,3,5.8222,14.9000,8146,61862,28.5421,0.855140,23.5,7.866
6-7,f003,auto5,6.1020,15.2035,8754,62361,28.3887,0.854935,24.0,7.930
6-7,f003,auto7,6.0595,16.1992,8708,62314,28.3570,0.855206,25.0,7.924
6-7,f004,3,7.1029,19.7449,8301,62399,27.9392,0.847447,25.7,7.934
6-7,f004,auto5,7.1349,21.0760,8809,62998,27.7678,0.847100,23.8,8.011
6-7,f004,auto7,5.6774,16.0091,8796,63006,28.3640,0.854062,22.3,8.012
6-7,f005,3,5.0041,13.1712,8552,64219,28.1916,0.854081,23.3,8.166
6-7,f005,auto5,5.6120,14.9863,9183,64821,28.1352,0.853350,23.8,8.242
6-7,f005,auto7,5.1014,13.8881,8992,64869,28.2330,0.854119,23.8,8.249
6-7,f006,3,5.0407,11.3616,7856,60947,28.3147,0.854277,22.8,7.750
6-7,f006,auto5,5.6368,13.1360,8353,61415,28.3526,0.854965,22.2,7.809
6-7,f006,auto7,6.2230,17.1554,8244,61421,28.1377,0.854826,22.5,7.810
6-7,f007,3,5.7284,14.0106,8553,63472,28.3346,0.849563,22.0,8.071
6-7,f007,auto5,6.4258,16.2348,9128,64047,28.1884,0.851822,23.1,8.144
6-7,f007,auto7,5.1167,12.8933,8934,64013,28.1898,0.851608,22.8,8.140
6-7,f008,3,5.3880,13.6778,8305,61659,28.2195,0.848677,23.0,7.840
6-7,f008,auto5,6.1934,15.9869,9123,62352,28.2497,0.850566,23.3,7.928
